Country,Initial Year,Initial Rate (%),Final Year,Final Rate (%),Absolute Reduction (pp),Relative Reduction (%),Years Span,Annual Rate (pp/yr)
Thailand,1981,31.0,2023,0.0,31.0,100.0,42,0.7380952380952381
Malaysia,1984,6.7,2021,0.0,6.7,100.0,37,0.1810810810810811
Viet Nam,1992,57.5,2022,1.6,55.9,97.21739130434783,30,1.8633333333333333
Indonesia,1984,86.2,2024,5.4,80.8,93.73549883990718,40,2.02
Philippines,1985,43.3,2023,5.3,38.0,87.75981524249423,38,1.0
Lao PDR,1992,42.1,2018,15.7,26.400000000000002,62.70783847980997,26,1.0153846153846156
Myanmar,2015,18.2,2017,10.3,7.899999999999999,43.4065934065934,2,3.9499999999999993
