,count,mean,std,min,25%,50%,75%,max,missing,missing_pct
year,17195.0,1992.0305321314336,18.76082754430631,1960.0,1976.0,1992.0,2008.0,2024.0,0,0.0
electricity_access,7859.0,81.22956155008434,28.378368103938804,0.533898532390594,70.0,98.6,100.0,100.0,9336,54.29
gdp_per_capita,14541.0,8656.965488539094,17414.997377971173,11.8013216738981,582.13896161097,1927.90601359888,8045.94448809301,256580.515122745,2654,15.43
life_expectancy,16926.0,64.73508859949744,11.08018042840851,10.989,57.661500000000004,67.0915,72.91467749492722,86.372,269,1.56
population,17195.0,218240263.494795,714224532.2051764,2715.0,1019463.0,6790788.0,47065785.0,8142056446.0,0,0.0
poverty_headcount,2970.0,14.780572390572392,21.14419347779715,0.0,0.5,3.2,21.675,97.0,14225,82.73
primary_enrollment,6203.0,83.78863334193133,16.690550105841396,10.0546,77.34839500000001,90.30978,95.4597,100.0,10992,63.93
secondary_enrollment,7883.0,63.50559503714737,33.91094957551908,0.0,34.5447196960449,65.210319519043,92.28630828857425,164.079818725586,9312,54.16
